{
    "name": "Ink Sac",
    "description": "As an cecaelia, you have an organ called an ink sac, which allows you to release blinding ink upon being attacked.",
    "type": "origins:multiple",
    "inking": {
        "type": "origins:action_when_hit",
        "bientity_action": {
            "type": "origins:target_action",
            "action": {
                "type": "origins:and",
                "actions": [
                    {
                        "type": "origins:area_of_effect",
                        "radius": 8,
                        "bientity_action": {
                            "type": "origins:target_action",
                            "action": {
                                "type": "origins:apply_effect",
                                "effect": {
                                    "effect": "minecraft:blindness",
                                    "duration": 200,
                                    "amplifier": 0,
                                    "show_particles": true,
                                    "show_icon": true
                                }
                            }
                        }
                    },
                    {
                        "type": "origins:execute_command",
                        "command": "particle minecraft:squid_ink ~ ~ ~ 1.5 0.5 1.5 0.25 200"
                    }
                ]
            }
        },
        "bientity_condition": {
            "type": "origins:actor_condition",
            "condition": {
                "type": "origins:living"
            }
        },
        "cooldown": 200,
        "hud_render": {
            "should_render": true,
            "sprite_location": "origins:textures/gui/community/spiderkolo/resource_bar_02.png",
            "bar_index": 7
        }
    },
    "drop_ink_sac": {
        "type": "origins:action_on_death",
        "bientity_action": {
            "type": "origins:target_action",
            "action": {
                "type": "origins:execute_command",
                "command": "summon minecraft:item ~ ~ ~ {Item:{id:\"minecraft:ink_sac\",Count:1b}}"
            }
        }
    }
}