{
    "name": "Tentacles",
    "description": "Your tentacles are great in water, but not exactly amazing for moving on dry land, reducing movement speed and jump height slightly when not exposed to water.",
    "type": "origins:multiple",
    "movement": {
        "condition": {
            "inverted": true,
            "type": "origins:or",
            "conditions": [
                {
                    "type": "origins:fluid_height",
                    "fluid": "minecraft:water",
                    "comparison": ">",
                    "compare_to": 0
                },
                {
                    "type": "origins:in_rain"
                }
            ]
        },
        "type": "origins:conditioned_attribute",
        "modifier": {
            "attribute": "minecraft:generic.movement_speed",
            "operation": "multiply_total",
            "value": -0.5
        },
        "tick_rate": 20,
        "update_health": true
    },
    "jump": {
        "condition": {
            "inverted": true,
            "type": "origins:or",
            "conditions": [
                {
                    "type": "origins:fluid_height",
                    "fluid": "minecraft:water",
                    "comparison": ">",
                    "compare_to": 0
                },
                {
                    "type": "origins:in_rain"
                }
            ]
        },
        "type": "origins:modify_jump",
        "modifier": {
            "operation": "multiply_total",
            "value": -0.1
        }
    },
    "air_speed": {
        "condition": {
            "type": "origins:and",
            "conditions": [
                {
                    "inverted": true,
                    "type": "origins:or",
                    "conditions": [
                        {
                            "type": "origins:fluid_height",
                            "fluid": "minecraft:water",
                            "comparison": ">",
                            "compare_to": 0
                        },
                        {
                            "type": "origins:in_rain"
                        }
                    ]
                },
                {
                    "inverted": true,
                    "type": "origins:creative_flying"
                }
            ]
        },
        "type": "origins:modify_air_speed",
        "modifier": {
            "operation": "multiply_total",
            "value": -0.5
        }
    }
}