{
    "name": "Cecaelia",
    "description": "Or an octotaur...whatever you wanna call these guys.",
    "powers": [
        "cecaelia:suction_cups",
        "cecaelia:invertebrate",
        "cecaelia:ink_sac",
        "cecaelia:tentacles",
        "cecaelia:boneless",
        "origins:carnivore",
        "origins:water_breathing",
        "cecaelia:water_vision",
        "origins:aqua_affinity",
        "origins:swim_speed",
        "origins:like_water",
        "origins:aquatic",
        "origins:conduit_power_on_land",
        "origins:air_from_potions"
    ],
    "icon": {
        "item": "minecraft:nautilus_shell"
    },
    "impact": 2
}